School,OFF Rating,DEF Rating,OVR Rating,OFF Rank,DEF Rank,OVR Rank
Rock Bridge,5.57,7.63,13.2,7,4,1
Troy Buchanan,5.49,7.66,13.15,8,3,2
Holt,5.72,7.4,13.13,5,6,3
Helias Catholic,4.83,7.62,12.46,12,5,4
Blair Oaks,4.23,7.67,11.91,18,2,5
Ft. Zumwalt West,5.64,5.94,11.57,6,13,6
Blue Springs South,5.43,6.04,11.46,10,11,7
Liberty,6.51,4.5,11.0,2,41,8
Raymore-Peculiar,3.24,7.7,10.94,34,1,9
Northwest (Cedar Hill),6.73,3.63,10.36,1,64,10
Notre Dame (Cape Girardeau),5.48,4.81,10.28,9,34,11
Webb City,4.37,5.85,10.22,16,16,12
Marceline,6.29,3.91,10.2,3,55,13
Blue Springs,4.12,6.08,10.2,19,9,14
Eureka,4.61,5.36,9.97,14,25,15
Canton,3.8,6.07,9.88,23,10,16
Park Hill,3.07,6.54,9.61,41,8,17
Oakville,4.38,5.17,9.55,15,27,18
Lee's Summit North,3.77,5.62,9.39,25,20,19
Southern Boone,3.43,5.95,9.38,31,12,20
Liberty North,3.78,5.57,9.36,24,21,21
Kickapoo,5.79,3.24,9.03,4,73,22
Eugene,4.77,3.99,8.76,13,52,23
Rockwood Summit,5.07,3.47,8.54,11,69,24
Jefferson City,2.63,5.86,8.49,50,15,25
Battle,2.67,5.72,8.39,49,17,26
McDonald County,3.12,5.22,8.34,38,26,27
Father Tolton,1.05,7.26,8.31,102,7,28
Seckman,2.78,5.52,8.3,47,23,29
Fulton,4.3,4.0,8.29,17,51,30
Francis Howell Central,3.57,4.69,8.27,28,37,31
Palmyra,3.34,4.9,8.24,33,31,32
Webster Groves,3.11,5.1,8.21,39,29,33
Penney,2.42,5.63,8.05,54,19,34
Mexico,3.24,4.69,7.93,35,38,35
Fatima,2.13,5.64,7.77,66,18,36
Ozark,3.85,3.91,7.76,22,56,37
Warsaw,3.16,4.5,7.66,37,40,38
Jackson,3.66,3.93,7.59,27,53,39
Kirksville,1.96,5.54,7.5,74,22,40
Park Hill South,3.98,3.4,7.37,21,71,41
Hillsboro,2.89,4.22,7.11,45,48,42
Logan-Rogersville,2.92,4.15,7.07,42,50,43
Bolivar,2.22,4.62,6.84,63,39,44
Sherwood,0.87,5.93,6.8,113,14,45
Bowling Green,4.04,2.7,6.73,20,88,46
Incarnate Word Academy,3.22,3.51,6.73,36,67,47
Lafayette (Wildwood),2.36,4.28,6.64,57,45,48
Wright City,1.8,4.84,6.64,76,32,49
Marquette,2.33,4.29,6.63,58,44,50
Parkway South,2.23,4.27,6.5,61,46,51
Monroe City,2.82,3.67,6.5,46,61,52
Schuyler County,1.68,4.78,6.46,79,35,53
Perryville,1.68,4.74,6.43,78,36,54
Staley,3.45,2.95,6.4,30,85,55
Grain Valley,2.47,3.83,6.3,53,59,56
Reeds Spring,0.75,5.47,6.22,117,24,57
Highland,0.99,5.14,6.13,106,28,58
Putnam County,1.3,4.82,6.12,93,33,59
Timberland,2.9,3.09,5.99,43,78,60
North County,3.38,2.56,5.94,32,90,61
Lee's Summit West,1.72,4.16,5.87,77,49,62
St. Joseph's Academy,1.22,4.41,5.63,97,43,63
Clark County,3.52,2.1,5.62,29,100,64
Fayette,1.98,3.55,5.54,73,65,65
Cor Jesu Academy,2.0,3.52,5.52,72,66,66
Lee's Summit,2.54,2.96,5.5,51,84,67
Neosho,2.06,3.38,5.45,69,72,68
Republic,2.4,3.04,5.43,55,79,69
Centralia,3.67,1.59,5.26,26,116,70
Warrenton,0.19,5.07,5.25,132,30,71
Trenton,2.01,3.18,5.19,71,76,72
Nevada,2.72,2.27,4.99,48,95,73
Farmington,2.38,2.54,4.92,56,91,74
Carthage,1.0,3.89,4.89,105,57,75
St. Charles,1.19,3.66,4.85,98,63,76
Macon,3.09,1.62,4.71,40,114,77
Monett,1.44,3.22,4.65,87,74,78
Knob Noster,0.69,3.93,4.62,121,54,79
Hallsville,1.64,2.98,4.62,80,82,80
Atlanta,0.68,3.82,4.5,122,60,81
Kirkwood,2.27,2.18,4.45,60,97,82
Maysville,1.46,2.99,4.44,86,81,83
Windsor (Imperial),1.5,2.92,4.42,84,86,84
Platte County,-0.01,4.24,4.23,147,47,85
Union,0.92,3.21,4.13,108,75,86
St. Dominic,2.12,1.93,4.05,68,104,87
Ft. Zumwalt East,-0.52,4.45,3.93,170,42,88
Hannibal,2.29,1.62,3.92,59,113,89
Central (St. Joseph),0.92,3.0,3.92,109,80,90
New Bloomfield,0.6,3.1,3.7,124,77,91
California,0.02,3.67,3.68,143,62,92
Parkway West,0.03,3.5,3.53,141,68,93
East Carter,-0.36,3.83,3.48,163,58,94
Russellville,0.91,2.51,3.43,110,92,95
Ft. Zumwalt South,2.03,1.14,3.18,70,130,96
Notre Dame (St. Louis),0.71,2.4,3.12,119,93,97
Rolla,2.19,0.86,3.05,64,139,98
Fox,0.94,2.09,3.03,107,101,99
Kearney,0.71,2.21,2.92,120,96,100
Pacific,1.63,1.25,2.88,81,125,101
Willard,-0.59,3.4,2.81,173,70,102
Moberly,-0.1,2.87,2.77,151,87,103
Excelsior Springs,1.54,1.22,2.76,83,128,104
Festus,2.12,0.58,2.7,67,144,105
Francis Howell,1.02,1.66,2.69,104,112,106
Washington,0.57,2.11,2.68,125,98,107
Kelly,0.61,2.0,2.61,123,102,108
Nixa,0.85,1.71,2.56,115,109,109
Rosati-Kain,1.55,0.95,2.5,82,134,110
Savannah,0.54,1.97,2.5,126,103,111
Brookfield,0.84,1.62,2.46,116,115,112
Fort Osage,1.24,1.23,2.46,96,127,113
Knox County,2.89,-0.5,2.39,44,177,114
Scotland County,1.32,1.01,2.33,90,133,115
Seneca,-0.74,2.97,2.22,178,83,116
Pleasant Hill,-0.47,2.63,2.16,168,89,117
Chillicothe,1.3,0.76,2.06,92,141,118
Slater,0.72,1.26,1.98,118,124,119
Carrollton,1.03,0.93,1.96,103,135,120
East Buchanan,1.11,0.83,1.93,100,140,121
Linn,0.24,1.68,1.92,130,111,122
North Callaway,2.23,-0.36,1.87,62,173,123
Holden,1.33,0.47,1.8,89,147,124
Iberia,0.16,1.58,1.75,135,118,125
Odessa,1.87,-0.14,1.72,75,166,126
Princeton,-0.62,2.34,1.72,176,94,127
La Plata,-0.52,2.11,1.59,171,99,128
West Plains,0.45,1.12,1.57,127,131,129
Boonville,1.49,0.06,1.55,85,157,130
Osage,-0.44,1.93,1.49,166,105,131
Glendale,0.89,0.58,1.48,111,143,132
Richmond,-0.25,1.71,1.46,160,110,133
Affton,-0.29,1.73,1.44,161,108,134
Silex,0.18,1.24,1.43,133,126,135
Van-Far,-0.02,1.36,1.34,148,121,136
Warrensburg,-0.1,1.42,1.32,152,120,137
Westran,-0.0,1.28,1.28,145,122,138
Oak Grove,1.3,-0.11,1.18,94,164,139
East Newton,-0.4,1.48,1.08,164,119,140
Community,-0.75,1.79,1.04,179,107,141
Vienna,0.34,0.67,1.01,128,142,142
Owensville,-0.04,0.9,0.87,149,136,143
Lindbergh,2.51,-1.72,0.79,52,205,144
Lutheran South,-0.17,0.86,0.69,156,138,145
Liberty (Wentzville),0.88,-0.35,0.54,112,172,146
Marshall,1.36,-1.02,0.34,88,189,147
Poplar Bluff,0.12,0.2,0.32,136,153,148
Lamar,-1.56,1.86,0.3,200,106,149
Pattonville,2.14,-1.9,0.24,65,207,150
Winfield,1.16,-0.97,0.2,99,187,151
Central (Cape Girardeau),0.1,-0.04,0.06,137,162,152
Elsberry,0.02,0.04,0.06,142,158,153
Norborne,0.04,-0.03,0.01,140,161,154
Lafayette County,-0.93,0.9,-0.03,181,137,155
DeSoto,1.11,-1.23,-0.12,101,194,156
St. Pius X (Festus),-1.73,1.58,-0.15,209,117,157
Francis Howell North,1.32,-1.54,-0.23,91,199,158
Lawson,-0.42,0.11,-0.31,165,155,159
Lathrop,-0.23,-0.15,-0.37,158,167,160
Parkway Central,-0.71,0.34,-0.37,177,151,161
Belton,1.27,-1.64,-0.38,95,202,162
North Harrison,-0.96,0.53,-0.43,183,145,163
Benton,-0.6,0.13,-0.47,174,154,164
Albany,-1.1,0.44,-0.65,189,148,165
Montgomery County,-1.08,0.39,-0.69,187,150,166
St. Teresa's Academy,-0.24,-0.54,-0.78,159,178,167
Hazelwood West,-1.19,0.4,-0.79,194,149,168
Sikeston,-0.06,-0.8,-0.86,150,184,169
Parkway North,-0.59,-0.27,-0.87,172,171,170
Summit Christian Academy,-2.08,1.18,-0.9,220,129,171
Ft. Zumwalt North,-0.15,-0.8,-0.95,155,185,172
Branson,-1.14,-0.02,-1.16,191,160,173
Jefferson (Festus),-0.11,-1.06,-1.17,154,190,174
Louisiana,-1.65,0.47,-1.18,206,146,175
Norwood,-2.54,1.28,-1.26,233,123,176
Capital City,-2.37,1.05,-1.32,230,132,177
Orchard Farm,-0.01,-1.39,-1.4,146,196,178
Carl Junction,-1.28,-0.22,-1.5,195,170,179
Harrisburg,0.18,-1.74,-1.56,134,206,180
Eldon,-0.0,-1.62,-1.63,144,200,181
Crocker,-0.5,-1.14,-1.64,169,191,182
Dora,-0.45,-1.2,-1.65,167,193,183
Calvary Lutheran,-1.62,-0.06,-1.68,204,163,184
Ursuline Academy,-1.04,-0.72,-1.76,186,183,185
Lafayette (St. Joseph),-1.86,0.03,-1.83,211,159,186
North Shelby,-2.0,0.08,-1.92,216,156,187
Cameron,-1.16,-0.82,-1.98,192,186,188
Lebanon,-1.31,-0.7,-2.01,197,182,189
Versailles,-1.76,-0.42,-2.18,210,175,190
Northeast (Cairo),-1.61,-0.63,-2.25,202,179,191
North Platte,-1.91,-0.38,-2.29,215,174,192
Harrisonville,0.09,-2.4,-2.31,138,214,193
Smithville,-2.36,-0.16,-2.52,228,168,194
Neelyville,-2.49,-0.13,-2.62,232,165,195
Westminster Christian Academy,-0.1,-2.55,-2.65,153,216,196
Pilot Grove,0.85,-3.57,-2.72,114,237,197
Buffalo,0.24,-3.03,-2.8,131,225,198
Joplin,-1.1,-1.69,-2.8,190,203,199
Hillcrest,-2.14,-0.7,-2.84,222,181,200
Ava,-1.67,-1.18,-2.85,207,192,201
Doniphan,-1.01,-2.07,-3.08,184,211,202
Aurora,-1.09,-2.15,-3.24,188,212,203
DeKalb,-1.9,-1.34,-3.24,213,195,204
St. Clair,-2.31,-1.02,-3.32,225,188,205
Waynesville,0.31,-3.67,-3.36,129,239,206
Cassville,-0.93,-2.46,-3.39,182,215,207
St. Elizabeth,-2.07,-1.39,-3.47,219,197,208
Marshfield,0.05,-3.55,-3.5,139,236,209
Naylor,-1.47,-2.04,-3.51,198,208,210
Oak Park,-0.19,-3.35,-3.54,157,232,211
Maryville,-3.38,-0.21,-3.59,254,169,212
Leeton,-3.38,-0.45,-3.82,253,176,213
New Franklin,-1.16,-2.78,-3.94,193,223,214
South Shelby,-1.88,-2.07,-3.95,212,210,215
Weaubleau,-4.3,0.33,-3.97,271,152,216
Salem,-1.01,-3.14,-4.15,185,228,217
Halfway,-1.53,-2.63,-4.16,199,218,218
Mid-Buchanan,-2.74,-1.45,-4.19,237,198,219
Ritenour,-1.63,-2.59,-4.21,205,217,220
Clopton,-2.65,-1.69,-4.34,235,204,221
Worth County,-1.69,-2.73,-4.42,208,220,222
Mehlville,-0.78,-3.76,-4.54,180,240,223
Hartville,-4.08,-0.66,-4.74,268,180,224
Chaffee,-2.33,-2.65,-4.98,227,219,225
Mark Twain,-3.05,-2.06,-5.11,244,209,226
Brashear,-0.61,-4.52,-5.14,175,249,227
El Dorado Springs,-2.02,-3.18,-5.2,217,229,228
Bishop DuBourg,-2.06,-3.22,-5.28,218,230,229
Green City,-2.36,-3.03,-5.39,229,224,230
Plattsburg,-3.06,-2.4,-5.46,246,213,231
Camdenton,-2.77,-2.76,-5.53,238,221,232
Hancock,-1.62,-4.2,-5.82,203,247,233
New Haven,-3.09,-2.78,-5.87,247,222,234
Hardin-Central,-0.34,-5.69,-6.02,162,259,235
Mansfield,-2.33,-3.83,-6.16,226,241,236
Van Buren,-4.57,-1.64,-6.21,275,201,237
Valley Park,-2.11,-4.11,-6.22,221,246,238
Walnut Grove,-2.78,-3.62,-6.4,239,238,239
Polo,-2.91,-3.53,-6.44,241,233,240
West Platte,-3.58,-3.07,-6.66,258,226,241
William Chrisman,-2.23,-4.58,-6.81,224,250,242
Pattonsburg,-3.48,-3.54,-7.02,256,235,243
Veritas Christian Academy,-3.44,-3.85,-7.29,255,242,244
Marion C. Early,-4.07,-3.25,-7.32,267,231,245
Marion County,-3.61,-3.87,-7.48,259,243,246
Linn County,-1.57,-5.94,-7.51,201,261,247
Dixon,-1.91,-5.67,-7.58,214,257,248
Belle,-2.44,-5.14,-7.58,231,254,249
North Andrew,-4.13,-3.54,-7.67,269,234,250
Milan,-4.56,-3.14,-7.7,274,227,251
Hazelwood Central,-1.28,-6.57,-7.85,196,265,252
Jamestown,-2.19,-5.69,-7.87,223,258,253
Fredericktown,-3.23,-4.94,-8.17,251,252,254
Notre Dame de Sion,-4.32,-4.04,-8.35,272,245,255
Tuscumbia,-3.2,-5.33,-8.53,249,255,256
Gallatin,-3.86,-4.86,-8.72,264,251,257
St. Vincent,-3.22,-5.74,-8.96,250,260,258
Ladue Horton Watkins,-3.01,-6.01,-9.02,243,262,259
Herculaneum,-5.06,-4.24,-9.3,279,248,260
Macks Creek,-5.47,-3.91,-9.39,284,244,261
Richland,-4.49,-5.62,-10.11,273,256,262
Nerinx Hall,-3.05,-7.41,-10.46,245,271,263
Cuba,-3.32,-7.3,-10.62,252,270,264
St. James,-3.51,-7.16,-10.67,257,268,265
Madison,-5.82,-4.99,-10.81,288,253,266
Alton,-3.17,-7.96,-11.13,248,277,267
Willow Springs,-2.96,-8.45,-11.41,242,280,268
Bakersfield,-2.89,-8.57,-11.46,240,281,269
Raytown,-3.79,-7.79,-11.58,262,275,270
Glasgow,-3.77,-7.9,-11.67,261,276,271
Lexington,-3.87,-8.02,-11.89,265,278,272
Tri-County,-5.8,-6.32,-12.12,287,263,273
Mercer,-4.69,-7.54,-12.23,276,272,274
North Kansas City,-3.83,-8.66,-12.48,263,282,275
Gainesville,-4.91,-7.64,-12.54,277,273,276
Laquey,-3.7,-8.99,-12.69,260,284,277
Meadville,-2.62,-10.1,-12.73,234,288,278
Grandview,-2.72,-10.23,-12.96,236,289,279
Higbee,-5.46,-7.73,-13.19,283,274,280
Central (Springfield),-5.0,-8.34,-13.34,278,279,281
Brentwood,-7.38,-6.81,-14.19,295,266,282
Hermann,-5.19,-9.05,-14.24,280,285,283
Northeast Nodaway,-7.76,-7.14,-14.9,298,267,284
Clinton,-3.99,-11.19,-15.18,266,291,285
McCluer North,-5.44,-9.77,-15.21,282,287,286
University City,-6.6,-8.76,-15.36,290,283,287
Raytown South,-5.7,-9.7,-15.4,286,286,288
Winston,-8.38,-7.22,-15.6,299,269,289
Maplewood-Richmond Hts.,-9.56,-6.34,-15.9,304,264,290
Bevier,-4.13,-12.03,-16.16,270,295,291
Wellsville-Middletown,-5.25,-11.28,-16.53,281,292,292
Wheatland,-6.77,-10.24,-17.01,291,290,293
St. Pius X (Kansas City),-6.13,-11.32,-17.45,289,293,294
St. Michael the Archangel,-5.64,-13.37,-19.01,285,300,295
Hermitage,-7.33,-12.21,-19.54,293,296,296
Parkview,-7.65,-12.86,-20.51,297,299,297
Novinger,-8.72,-12.4,-21.12,300,297,298
Clayton,-10.46,-11.65,-22.11,306,294,299
Bishop LeBlond,-9.85,-12.53,-22.39,305,298,300
Hazelwood East,-7.46,-15.02,-22.49,296,304,301
Newburg,-9.14,-14.24,-23.37,303,302,302
Metro,-7.34,-17.61,-24.95,294,309,303
Climax Springs,-11.11,-13.97,-25.08,308,301,304
Couch,-10.88,-14.57,-25.45,307,303,305
McCluer,-8.87,-17.2,-26.08,301,307,306
Bayless,-6.86,-19.94,-26.8,292,312,307
Winnetonka,-12.22,-15.06,-27.28,309,305,308
Ruskin,-12.29,-16.92,-29.21,310,306,309
Riverview Gardens,-13.03,-17.59,-30.62,311,308,310
Humansville,-9.14,-21.67,-30.8,302,314,311
Jennings,-14.78,-18.8,-33.58,313,310,312
Gateway Science Charter,-17.15,-19.14,-36.3,314,311,313
Normandy Collaborative,-14.66,-23.94,-38.6,312,315,314
Soldan International Studies,-20.43,-21.45,-41.89,315,313,315
